﻿Spotify URI,Track Name,Artist Name,Album Name,Disc Number,Track Number,Track Duration (ms),Added By,Added At
"spotify:track:12qZHAeOyTf93YAWvGDTat","All The Small Things","blink-182","Enema Of The State","1","8","168000","spotify:user:1163504943","2013-03-19T13:38:33Z"
"spotify:track:1hWrl3T1kIH5b9zRHLfCOn","What's My Age Again?","blink-182","Enema Of The State","1","5","148573","spotify:user:1163504943","2013-03-19T13:38:35Z"
"spotify:local:::Itchy+Poopzkid+-+Where+Is+The+Happiness:189","Itchy Poopzkid - Where Is The Happiness","","","0","0","189000","spotify:user:1163504943","2013-03-19T13:39:09Z"
"spotify:track:1IowRsCymJPFOm83k8BuD0","Why Still Bother","ITCHY","Lights Out London","1","1","189367","spotify:user:1163504943","2013-03-19T13:39:12Z"
"spotify:track:0Bt5sNE9DfKq9Q1zhdUIU7","Is It On","Itchy Poopzkid","Best of Festivals 2011","1","6","198486","spotify:user:1163504943","2013-03-19T13:42:14Z"
"spotify:track:6Qco0sOV7ob359cmgO9YNG","Down Down Down","ITCHY","Lights Out London","1","2","209857","spotify:user:1163504943","2013-03-19T13:42:28Z"
"spotify:track:34OtT4m8AYCvpNZ8nPZth6","bender","Stray Bullets","Badassed Records Compilation No. 1","1","6","200826","spotify:user:1163504943","2013-03-19T13:44:11Z"
"spotify:track:257X855jkf1Gs0i4ixJBh3","Adelaide","State Radio","Rabbit Inn Rebellion (With Track by Track Commentary)","1","12","290360","spotify:user:1163504943","2013-03-19T13:44:49Z"
"spotify:track:6NgHNiGFt5dCv71sCb2c27","Knights of Bostonia","State Radio","Let It Go","1","6","262986","spotify:user:1163504943","2013-03-19T13:44:51Z"
"spotify:local:::Fall+Of+The+American+Empire-State+Radio:516","Fall Of The American Empire-State Radio","","","0","0","516000","spotify:user:1163504943","2013-03-19T13:44:56Z"
"spotify:local:State+Radio:Let+It+Go:State+Radio+-+Doctor+Ron+The+Actor:235","State Radio - Doctor Ron The Actor","State Radio","Let It Go","0","0","235000","spotify:user:1163504943","2013-03-19T13:45:04Z"
"spotify:track:3QO8W45i5w0WJF8AQtY1KN","This Is the End (For You My Friend)","Anti-Flag","For Blood And Empire","1","6","192066","spotify:user:1163504943","2013-04-01T16:33:03Z"
"spotify:track:6835kWPPWzY9Ei3ruxJ3aY","1 Trillion Dollar$ - Dirty Version","Anti-Flag","For Blood And Empire","1","7","150666","spotify:user:1163504943","2013-04-01T16:33:06Z"
"spotify:track:63t9x6MyYnZ9tYprnk6cty","The Anthem","Good Charlotte","Greatest Hits","1","5","174213","spotify:user:1163504943","2013-04-21T19:11:15Z"
"spotify:track:2HwnyY0F1VVUjKVif90k5s","Freckled Mary","State Radio","Rabbit Inn Rebellion (With Track By Track Commentary)","1","4","220533","spotify:user:1163504943","2015-08-10T14:58:15Z"
"spotify:track:4nqipFHgv7CMIz2wHKDKzt","Roadway Broken","State Radio","Rabbit Inn Rebellion (With Track By Track Commentary)","1","6","298240","spotify:user:1163504943","2015-08-10T14:58:19Z"
"spotify:track:7e6XelirQXdqSxIEetO4ot","Big Man","State Radio","Rabbit Inn Rebellion (With Track By Track Commentary)","1","8","305266","spotify:user:1163504943","2015-08-10T14:58:21Z"
"spotify:track:3kiH6fGfsIHOWrYnhrY4Ki","Take Cover","State Radio","Rabbit Inn Rebellion (With Track By Track Commentary)","1","10","311866","spotify:user:1163504943","2015-08-10T14:58:24Z"
"spotify:track:0JY7t85is0nmViiRYhBtMW","Adelaide","State Radio","Rabbit Inn Rebellion (With Track By Track Commentary)","1","12","290360","spotify:user:1163504943","2015-08-10T14:58:26Z"
"spotify:track:4btEEvsxQ2dmBz3zpL614o","Desert Queen","State Radio","Rabbit Inn Rebellion (With Track By Track Commentary)","1","14","232760","spotify:user:1163504943","2015-08-10T14:58:28Z"
"spotify:track:2MB7mQH2MNc5ARlEUXzgAq","Sugarbeet Wine","State Radio","Rabbit Inn Rebellion (With Track By Track Commentary)","1","16","381106","spotify:user:1163504943","2015-08-10T14:58:31Z"
"spotify:track:79CVHVq0gC6fm6zxWMHyd9","The Bridge Is Burning","State Radio","Rabbit Inn Rebellion (With Track By Track Commentary)","1","18","176626","spotify:user:1163504943","2015-08-10T14:58:45Z"
"spotify:track:6ZLN0V34DFq0d4MBnCo4C9","State of Georgia","State Radio","Rabbit Inn Rebellion (With Track By Track Commentary)","1","20","296066","spotify:user:1163504943","2015-08-10T14:58:47Z"
"spotify:track:47yz80zgtQzLe8wzNTNrgy","Black Welsh Mountain","State Radio","Rabbit Inn Rebellion (With Track By Track Commentary)","1","22","273440","spotify:user:1163504943","2015-08-10T14:58:49Z"
"spotify:track:40vzwWg3hPcXZ9K1ySaO4m","Mansin Humanity","State Radio","Let It Go","1","1","307786","spotify:user:1163504943","2015-08-10T14:58:59Z"
"spotify:track:5oDDAo9gsQdvuFqPC52Lwo","Doctor Ron the Actor","State Radio","Let It Go","1","3","241973","spotify:user:1163504943","2015-08-10T14:59:02Z"
"spotify:track:7JXhwh6nnatkDIEkoCTRTl","Arsenic & Clover","State Radio","Let It Go","1","4","186066","spotify:user:1163504943","2015-08-10T14:59:56Z"
"spotify:track:3PbmabWpXF5XQTaEE75clB","Bohemian Grove","State Radio","Let It Go","1","5","275680","spotify:user:1163504943","2015-08-10T14:59:59Z"
"spotify:track:5VHyFfV7sitBghGykmkuIG","Knights of Bostonia","State Radio","Let It Go","1","6","262986","spotify:user:1163504943","2015-08-10T15:00:01Z"
"spotify:track:4WgHSPxaeEvqf89gCGkCWn","Let It Go","State Radio","Let It Go","1","7","192760","spotify:user:1163504943","2015-08-10T15:00:02Z"
"spotify:track:5zv28XIE3FSnISEPjdLFuG","Held Up By the Wires","State Radio","Let It Go","1","9","277560","spotify:user:1163504943","2015-08-10T15:00:04Z"
"spotify:track:3qUYvX8n3H7pyJ1GAcAkbJ","Blood Escaping Man","State Radio","Let It Go","1","10","212933","spotify:user:1163504943","2015-08-10T15:00:05Z"
"spotify:track:7sn33tr5xs7amxfQtFHRWq","Still & Silent","State Radio","Let It Go","1","11","246680","spotify:user:1163504943","2015-08-10T15:00:29Z"
"spotify:track:2LNygwz0biT3swt4mp8jHt","Indian Moon - Long View Farm","State Radio","Let It Go","1","12","345920","spotify:user:1163504943","2015-08-10T15:00:36Z"
"spotify:track:57gtrPUQJ5UGF8ieO2ZvZk","First One Shot","State Radio","Peace Between Nations EP","1","1","297760","spotify:user:1163504943","2015-08-10T15:00:46Z"
"spotify:track:6tMSTAB8RFSlCp8f9s7K5P","Camilo","State Radio","Us Against the Crown (Bonus Track Version)","1","3","290253","spotify:user:1163504943","2015-08-10T15:00:51Z"
"spotify:track:4YpfCuPgmU2AuTbTDRKqaX","Mr. Larkin","State Radio","Us Against the Crown (Bonus Track Version)","1","2","248733","spotify:user:1163504943","2015-08-10T15:00:53Z"
"spotify:track:7DU1ZyMBST8lyFnEeA8SvO","Right Me Up - (Album Version)","State Radio","Us Against the Crown (Bonus Track Version)","1","4","253040","spotify:user:1163504943","2015-08-10T15:01:00Z"
"spotify:track:7o0kE0cminUVE60V5EJLqX","Black Cab Motorcade","State Radio","Us Against the Crown (Bonus Track Version)","1","5","244293","spotify:user:1163504943","2015-08-10T15:01:50Z"
"spotify:track:04JZe7kg0NvL430zrNYe51","Man in the Hall","State Radio","Us Against the Crown (Bonus Track Version)","1","7","229066","spotify:user:1163504943","2015-08-10T15:01:53Z"
"spotify:track:0TbwH90j2HjNJC7Zcf09UI","Calvados Chopper","State Radio","Us Against the Crown (Bonus Track Version)","1","12","444933","spotify:user:1163504943","2015-08-10T15:01:56Z"
"spotify:track:1DfYWoARXc8YFLofiOJfWL","Sybil I","Chadwick Stokes","Us Against the Crown (Bonus Track Version)","1","13","177573","spotify:user:1163504943","2015-08-10T15:01:59Z"
"spotify:track:2BQFnSQymvASqEMIrwe7tp","RAMMLIED","Rammstein","LIEBE IST FüR ALLE DA (SPECIAL EDITION)","1","1","318666","spotify:user:1163504943","2015-08-10T15:02:31Z"
"spotify:track:1As6y31aweg1kgj0l9QXgm","ICH TU DIR WEH","Rammstein","LIEBE IST FüR ALLE DA (SPECIAL EDITION)","1","2","301853","spotify:user:1163504943","2015-08-10T15:02:33Z"
"spotify:track:237Z1GQ25C7qWicT4c7Bil","HAIFISCH","Rammstein","LIEBE IST FüR ALLE DA (SPECIAL EDITION)","1","4","224906","spotify:user:1163504943","2015-08-10T15:02:36Z"
"spotify:track:2cbaGpoddg5Coe4LiGyGj0","FRüHLING IN PARIS","Rammstein","LIEBE IST FüR ALLE DA (SPECIAL EDITION)","1","6","284920","spotify:user:1163504943","2015-08-10T15:02:39Z"
"spotify:track:6OiLqyavvFFKOxln5TbpTV","LIEBE IST FüR ALLE DA","Rammstein","LIEBE IST FüR ALLE DA (SPECIAL EDITION)","1","9","205440","spotify:user:1163504943","2015-08-10T15:02:43Z"
"spotify:track:3crVlsyXyP4a9HD5WHE8Ri","PUSSY","Rammstein","LIEBE IST FüR ALLE DA (SPECIAL EDITION)","1","8","239080","spotify:user:1163504943","2015-08-10T15:02:44Z"
"spotify:track:6Eq1OWv3zbhOO8fP8MqRlU","MEHR","Rammstein","LIEBE IST FüR ALLE DA (SPECIAL EDITION)","1","10","248253","spotify:user:1163504943","2015-08-10T15:02:45Z"
"spotify:track:2LwDT6XDsqFqZ7eR1f8srl","ROTER SAND","Rammstein","LIEBE IST FüR ALLE DA (SPECIAL EDITION)","1","11","239000","spotify:user:1163504943","2015-08-10T15:02:48Z"
"spotify:track:7mNjeshOOLZO21uq9CxroU","Wir","K.I.Z","Hurra die Welt geht unter","1","1","328720","spotify:user:1163504943","2015-08-10T15:02:57Z"
"spotify:track:6Txevj8EVZJPKzmHwyY1Uh","Boom Boom Boom","K.I.Z","Hurra die Welt geht unter","1","4","249026","spotify:user:1163504943","2015-08-10T15:03:04Z"
"spotify:track:1vlI9nrdfOHFhH5ljaGw2o","Verrückt nach dir","K.I.Z","Hurra die Welt geht unter","1","9","258079","spotify:user:1163504943","2015-08-10T15:03:06Z"
"spotify:track:1y2VNaNXAKYMiIwyVnIbfX","Ehrenlos","K.I.Z","Hurra die Welt geht unter","1","10","265560","spotify:user:1163504943","2015-08-10T15:03:10Z"
"spotify:track:45gCuptdnCv2ivdPf7IIHV","Was würde Manny Marc tun","K.I.Z, Audio88, Yassin, Manny Marc","Hurra die Welt geht unter","1","12","359200","spotify:user:1163504943","2015-08-10T15:03:13Z"
"spotify:track:3NIDOSThELMihLSOMZcL4k","Hurra die Welt geht unter","K.I.Z, Henning May","Hurra die Welt geht unter","1","13","284693","spotify:user:1163504943","2015-08-10T15:03:15Z"
"spotify:track:1EHVfzuNdYJlPSqze4dqDZ","Ich bin Adolf Hitler","K.I.Z","Ganz Oben (Mixtape)","1","3","270280","spotify:user:1163504943","2015-08-10T15:03:22Z"
"spotify:track:4jjnJ1DTvIlWYmxst7ZXQw","Jimi Blue","K.I.Z","Ganz Oben (Mixtape)","1","12","137506","spotify:user:1163504943","2015-08-10T15:03:29Z"
"spotify:track:3Uu1Gpflq95f8NqKVPB5sz","Urlaub fürs Gehirn","K.I.Z","Urlaub fürs Gehirn","1","2","241973","spotify:user:1163504943","2015-08-10T15:03:44Z"
"spotify:track:3CNC6yCslMjUdhRUcQDR4G","Abteilungsleiter der Liebe","K.I.Z","Urlaub fürs Gehirn","1","6","217200","spotify:user:1163504943","2015-08-10T15:03:50Z"
"spotify:track:644yHJludrNAS814iJ4MJC","Mr. Sonderbar","K.I.Z","Urlaub fürs Gehirn","1","12","234373","spotify:user:1163504943","2015-08-10T15:03:55Z"
"spotify:track:7D8wlUDb0pdnuhQY54tIku","Halbstark","K.I.Z","Sexismus Gegen Rechts","1","3","196533","spotify:user:1163504943","2015-08-10T15:04:09Z"
"spotify:track:3w09TK2vhYnmBgtatAEzeK","Needles","System Of A Down","Toxicity (Alben für die Ewigkeit)","1","2","193573","spotify:user:1163504943","2015-08-10T15:05:06Z"
"spotify:track:2TlwYf1zl73qadqPvyYKVn","Deer Dance","System Of A Down","Toxicity (Alben für die Ewigkeit)","1","3","174933","spotify:user:1163504943","2015-08-10T15:05:08Z"
"spotify:track:3l3w2WYe505ZMT5hRyC0v5","A.D.D. (American Dream Denial)","System Of A Down","Steal This Album!","1","6","197306","spotify:user:1163504943","2015-08-10T15:05:13Z"
"spotify:track:3yP7FBMa6VHShFjKD4CbuU","Forest","System Of A Down","Toxicity (Alben für die Ewigkeit)","1","8","240106","spotify:user:1163504943","2015-08-10T15:05:17Z"
"spotify:track:7BfGwphsAV3MDR0TAkRcVQ","Toxicity","System Of A Down","Toxicity (Alben für die Ewigkeit)","1","12","218933","spotify:user:1163504943","2015-08-10T15:05:19Z"
"spotify:track:5xQsU43GjYLrWnEVudWyCK","ATWA","System Of A Down","Toxicity (Alben für die Ewigkeit)","1","9","176200","spotify:user:1163504943","2015-08-10T15:05:20Z"
"spotify:track:44BcrZYsYkM2YrPXkMduxz","Innervision","System Of A Down","Steal This Album!","1","2","153773","spotify:user:1163504943","2015-08-10T15:05:23Z"
"spotify:track:17cKTJIWIHTeTmdgNs77DL","I-E-A-I-A-I-O","System Of A Down","Steal This Album!","1","8","188600","spotify:user:1163504943","2015-08-10T15:05:26Z"
"spotify:track:5ZdXNFtFUe3e7fojVYwhEl","Ego Brain","System Of A Down","Steal This Album!","1","13","201906","spotify:user:1163504943","2015-08-10T15:05:29Z"
"spotify:track:6Jj1Bb2s0gAOhH4yCGjDvh","Roulette","System Of A Down","Steal This Album!","1","15","201200","spotify:user:1163504943","2015-08-10T15:05:30Z"
"spotify:track:6oO7WMjD6kEvCITLbVj0mu","Hypnotize","System Of A Down","Hypnotize","1","4","189440","spotify:user:1163504943","2015-08-10T15:05:34Z"
"spotify:track:74xvDUbca7nP7XPFJKU0an","Soldier Side - Intro","System Of A Down","Mezmerize","1","1","63666","spotify:user:1163504943","2015-08-10T15:05:42Z"
"spotify:track:2mfjWJIlAdFD8R7suqVwMy","Radio/Video","System Of A Down","Mezmerize","1","5","249226","spotify:user:1163504943","2015-08-10T15:05:46Z"
"spotify:track:0WNBRe3yAtVFTGXG0MkB5X","Cigaro","System Of A Down","Mezmerize","1","4","131706","spotify:user:1163504943","2015-08-10T15:05:48Z"
"spotify:track:34aZfohXhub7594T5e0vR0","Violent Pornography","System Of A Down","Mezmerize","1","7","211333","spotify:user:1163504943","2015-08-10T15:05:50Z"
"spotify:track:2VYxwPamO1jcCN8ODLfNwx","Question!","System Of A Down","Mezmerize","1","8","200600","spotify:user:1163504943","2015-08-10T15:05:52Z"
"spotify:track:5qbRjBcjYDYZPBqV5gMpy9","Sad Statue","System Of A Down","Mezmerize","1","9","205800","spotify:user:1163504943","2015-08-10T15:05:57Z"
"spotify:track:3BIcSUSsd74rKsYPPylJns","War?","System Of A Down","System Of A Down","1","8","160493","spotify:user:1163504943","2015-08-10T15:06:01Z"
"spotify:track:2AAaP7ku1OYTfpEFxOBxCn","Lost In Hollywood","System Of A Down","Mezmerize","1","11","320693","spotify:user:1163504943","2015-08-10T15:06:08Z"
"spotify:track:4epYZ5x6f1GQmdYHnhU7QT","Baba Yetu (feat. Soweto Gospel Choir)","Christopher Tin","Selections from Calling All Dawns","1","1","209946","spotify:user:1163504943","2015-08-12T08:02:29Z"
"spotify:track:4hNXkItzOhW6Nl8dXQgtLR","Dancing in the Sun","ITCHY","Six","1","5","153400","spotify:user:1163504943","2015-08-12T08:02:41Z"
"spotify:track:495oINMkG6w94E0Yc8g2he","Where Is the Happiness","ITCHY","Lights out London","1","3","189960","spotify:user:1163504943","2015-08-12T08:03:02Z"
"spotify:track:0Dho96aJIZ5LJZXyPllbWA","Best Day Of My Life","American Authors","Oh, What A Life","1","3","194186","spotify:user:1163504943","2015-08-12T08:03:11Z"
"spotify:track:2APaWLyP3drx0CIodMhKHd","Hey Ya!","The Blanks","Hey Ya!","1","1","267405","spotify:user:1163504943","2015-08-12T08:03:38Z"
"spotify:track:3dXpq0TpkZrK1cwaJJzEjQ","Keepsake","State Radio","Peace Between Nations EP","1","3","233146","spotify:user:1163504943","2015-08-16T18:51:20Z"
"spotify:track:1Thv8uCYzyOFC7PME9J936","The Island - Pt. I (Dawn)","Pendulum","Immersion","1","8","320173","spotify:user:1163504943","2015-08-17T08:14:56Z"
"spotify:track:4Y2glvLjQGOb4dXnwm1hQf","Witchcraft","Pendulum","Immersion","1","12","252786","spotify:user:1163504943","2015-08-17T08:15:01Z"
"spotify:track:6tC2iHfUlzB2W4ntXXL2BH","Propane Nightmares","Pendulum","In Silico","1","3","313346","spotify:user:1163504943","2015-08-17T08:15:02Z"
"spotify:track:5ami95W9OOWQPwrBb5tud5","Watercolour","Pendulum","Immersion","1","3","304106","spotify:user:1163504943","2015-08-17T08:15:04Z"
"spotify:track:7ifq3etzDP60X1IRaFVngl","Tarantula (Ft. Fresh, $Pyda & Tenor Fly)","Pendulum","Hold Your Colour","1","8","331240","spotify:user:1163504943","2015-08-17T08:15:07Z"
"spotify:track:3cNsLpqu5TGoGKwM6cyZXB","The Vulture","Pendulum","Immersion","1","11","243293","spotify:user:1163504943","2015-08-17T08:15:16Z"
"spotify:track:7AYoXqCtME90flUOpBJM7i","Society","Eddie Vedder","Music For The Motion Picture Into The Wild","1","8","236306","spotify:user:1163504943","2015-08-17T08:18:14Z"
"spotify:track:2LWr0TXOjIuv3B7zO4kHVD","Hard Sun","Eddie Vedder","Music For The Motion Picture Into The Wild","1","7","321760","spotify:user:1163504943","2015-08-17T08:18:27Z"
"spotify:track:3yREcJtetxQZWj71yVb1k1","Rise","Eddie Vedder","Music For The Motion Picture Into The Wild","1","4","156453","spotify:user:1163504943","2015-08-17T08:18:34Z"
"spotify:track:4CwcvWeCi2rFcLPIJCOwXw","Long Nights","Eddie Vedder","Music For The Motion Picture Into The Wild","1","5","151773","spotify:user:1163504943","2015-08-17T08:18:40Z"
"spotify:track:6ts298DHQJw5Ket4IJrl5p","Jetzt","Irie Révoltés","Irie Révoltés","1","10","194546","spotify:user:1163504943","2015-08-23T16:33:18Z"
"spotify:track:3lhMDH6WAwTjebQqlkLhtO","Il est là","Irie Révoltés","Mouvement Mondial","1","6","209666","spotify:user:1163504943","2015-08-23T16:33:21Z"
"spotify:track:5VlMV3ghS8MIiG5OHTs9Jf","Fäuste hoch","Irie Révoltés","Irie Révoltés","1","12","210400","spotify:user:1163504943","2015-08-23T16:33:26Z"
"spotify:track:1kcLIdtceI66arp9TiC8uS","Décision","Irie Révoltés","Irie Révoltés","1","13","192080","spotify:user:1163504943","2015-08-23T16:33:30Z"
"spotify:track:7u8hCu5T8ncew00WIlxZFr","Alles anders","Irie Révoltés","Irie Révoltés","1","14","207573","spotify:user:1163504943","2015-08-23T16:33:35Z"
"spotify:track:5tiHC9uD7CBrWMYV5nSs47","À tout prix","Irie Révoltés","Irie Révoltés","1","7","204400","spotify:user:1163504943","2015-08-23T16:33:46Z"
"spotify:track:00WsxjjgRKIhYcVXpxTrhv","Peur de la liberté","Irie Révoltés","Irie Révoltés","1","8","208960","spotify:user:1163504943","2015-08-23T16:33:48Z"
"spotify:track:4v2OQE8te71pGbtCYZcu58","Ruhe vor dem Sturm","Irie Révoltés","Irie Révoltés","1","1","192480","spotify:user:1163504943","2015-08-23T16:33:59Z"
"spotify:track:3SBCdK5iN0sdEVfGONrF6b","La paix","Irie Révoltés","Allez!","1","9","240346","spotify:user:1163504943","2015-08-23T16:34:14Z"
"spotify:track:2VYMuwxLFNHw7t28BAYhm8","Ensemble","Irie Révoltés","Allez!","1","8","204893","spotify:user:1163504943","2015-08-23T16:34:19Z"
"spotify:track:01GkvW1ihzO1E3ciDlCiQy","Des fois","Irie Révoltés","Mouvement Mondial","1","10","280706","spotify:user:1163504943","2015-08-23T16:34:27Z"
"spotify:track:3xzt0d7Ol6XkCYwp8brab0","Zeit ist Geld","Irie Révoltés","Mouvement Mondial","1","13","232933","spotify:user:1163504943","2015-08-23T16:34:29Z"
"spotify:track:1R4Z72R8HtpBut9teH6BnI","Explosion","Irie Révoltés","Mouvement Mondial","1","2","229853","spotify:user:1163504943","2015-08-23T16:34:33Z"
"spotify:track:0Z4WFXtRdtHCdDYMImIktw","Papiers","Irie Révoltés","Voyage","1","1","274000","spotify:user:1163504943","2015-08-23T16:34:52Z"
"spotify:track:48BAXa4ymhEONCmRu0m7ps","Sky Is Falling","Anti-Flag","American Spring","1","4","254133","spotify:user:1163504943","2015-08-23T16:39:30Z"
"spotify:track:2sqo8QbwiQTIMwiLx1LySP","Brandenburg Gate","Anti-Flag, Tim Armstrong","American Spring","1","3","210306","spotify:user:1163504943","2015-08-23T16:39:42Z"
"spotify:track:7w9bgPAmPTtrkt2v16QWvQ","Lose Yourself - Soundtrack Version","Eminem","Curtain Call (Deluxe)","1","6","326466","spotify:user:1163504943","2015-08-23T18:18:54Z"
"spotify:track:6yr8GiTHWvFfi4o6Q5ebdT","'Till I Collapse","Eminem, Nate Dogg","The Eminem Show (Explicit Version)","1","18","297893","spotify:user:1163504943","2015-08-23T18:18:57Z"
"spotify:track:6UaRii9AH6Zss9xNMEQ2M9","Love The Way You Lie","Eminem, Rihanna","Recovery","1","15","263373","spotify:user:1163504943","2015-08-23T18:18:59Z"
"spotify:track:6sDQ4uiWw9OdVrCXFLSlZt","Rap God","Eminem","The Marshall Mathers LP2 (Deluxe)","1","9","363521","spotify:user:1163504943","2015-08-23T18:19:00Z"
"spotify:track:37pRjr7PhKVXGVRzzBudQu","Survival","Eminem","The Marshall Mathers LP2","1","5","272417","spotify:user:1163504943","2015-08-23T18:19:06Z"
"spotify:track:2vbWpgFRbqbVZFybdCgm6M","Berzerk","Eminem","The Marshall Mathers LP2","1","8","238746","spotify:user:1163504943","2015-08-23T18:19:08Z"
"spotify:track:5C82dqoMqAibC8UBAi9Arf","So Much Better","Eminem","The Marshall Mathers LP2 (Deluxe)","1","4","261386","spotify:user:1163504943","2015-08-23T18:19:44Z"
"spotify:track:6AnfqcIa7IyrCMtgh5P6Wc","Like Toy Soldiers","Eminem","Curtain Call (Deluxe)","1","10","295666","spotify:user:1163504943","2015-08-23T18:20:17Z"
"spotify:track:6v6WjsyLdY189IewecL2x7","Just Lose It","Eminem","Curtain Call (Deluxe)","1","15","248600","spotify:user:1163504943","2015-08-23T18:20:34Z"
"spotify:track:2ye824NM1m7Nc2UPXtwZjL","When I'm Gone","Eminem","Curtain Call (Deluxe)","1","16","281133","spotify:user:1163504943","2015-08-23T18:20:36Z"
"spotify:local:We+Are+Never+Ever+Getting+Back+Together+-+Taylor+Swift:We+Are+Never+Ever+Getting+Back+Together+-+Taylor+Swift:We+Are+Never+Ever+Getting+Back+Together+-+Taylor+Swift:193","We Are Never Ever Getting Back Together - Taylor Swift","We Are Never Ever Getting Back Together - Taylor Swift","We Are Never Ever Getting Back Together - Taylor Swift","0","0","193000","spotify:user:1163504943","2015-09-11T11:34:44Z"
"spotify:track:4YUlGNZfYA6EUE5KDsGqpC","You Can't Hurry Love","Phil Collins","Hello, I Must Be Going","1","5","175346","spotify:user:1163504943","2015-09-11T11:34:59Z"
"spotify:track:1VsuSOEVhuCaybeb1rFeCM","The Magic Key","One-T","The One-T ODC","1","6","228706","spotify:user:1163504943","2015-09-11T11:37:23Z"
"spotify:track:1MYlx4dBtiyjn7K8YSyfzT","The Real Slim Shady","Eminem","Curtain Call (Deluxe)","1","11","284800","spotify:user:1163504943","2015-09-11T11:45:03Z"
"spotify:track:3C7RbG9Co0zjO7CsuEOqRa","Sing For The Moment","Eminem","Curtain Call (Deluxe)","1","8","340266","spotify:user:1163504943","2015-09-11T11:45:04Z"
"spotify:track:2ENXl3xooOtQrD3NS61YCq","Bleib in der Schule","Trailerpark","Crackstreet Boys 3","1","2","264893","spotify:user:1163504943","2015-09-12T12:48:17Z"
"spotify:track:1hgsvfsGtRjj7IquMzFLX5","Dicks sucken","Trailerpark","Crackstreet Boys 3","1","7","220626","spotify:user:1163504943","2015-09-13T12:05:11Z"
"spotify:track:6LXRvh3S8TB5P1PKy4lY1S","Alors On Danse - Radio Edit","Stromae","Cheese","1","5","206066","spotify:user:1163504943","2015-09-15T08:20:07Z"
"spotify:track:3Fr6KveeuBJcJUFpJHJgUX","Broodje Bakpao","The Opposites, Sef, Gers Pardoel","Broodje Bakpao","1","1","195386","spotify:user:1163504943","2015-09-20T10:33:39Z"
"spotify:track:64BbK9SFKH2jk86U3dGj2P","Otherside","Red Hot Chili Peppers","Californication (Deluxe Version)","1","4","255373","spotify:user:1163504943","2015-09-21T18:39:13Z"
"spotify:track:48UPSzbZjgc449aqz8bxox","Californication","Red Hot Chili Peppers","Californication (Deluxe Version)","1","6","329733","spotify:user:1163504943","2015-09-21T18:39:16Z"
"spotify:track:3d9DChrdc6BOeFsbrZ3Is0","Under The Bridge","Red Hot Chili Peppers","Blood Sugar Sex Magik (Deluxe Version)","1","11","264306","spotify:user:1163504943","2015-09-21T18:39:19Z"
"spotify:track:3ZOEytgrvLwQaqXreDs2Jx","Can't Stop","Red Hot Chili Peppers","By The Way (Deluxe Version)","1","7","269000","spotify:user:1163504943","2015-09-21T18:39:20Z"
"spotify:track:2ypT0w7jeCwcEQQvNE5o92","The Bad Touch","Bloodhound Gang","Hooray For Boobies","1","10","260506","spotify:user:1163504943","2015-09-23T10:12:23Z"
"spotify:track:6eMTTW2IakI12NUOBjNaPV","Foxtrot Uniform Charlie Kilo","Bloodhound Gang","Hefty Fine","1","3","171973","spotify:user:1163504943","2015-09-23T10:12:25Z"
"spotify:track:02HSEUuCs9wGA5IfFKkvmq","The Ballad Of Chasey Lain","Bloodhound Gang","Hooray For Boobies","1","7","141893","spotify:user:1163504943","2015-09-23T10:12:27Z"
"spotify:track:6EdUE6TbcVzxfDnBZPTAg5","Fire Water Burn","Bloodhound Gang","One Fierce Beer Coaster","1","3","291800","spotify:user:1163504943","2015-09-23T10:12:29Z"
"spotify:track:3U8b7Yma4J45gY9TMWesKG","A Lap Dance Is So Much Better When The Stripper Is Crying","Bloodhound Gang","Show Us Your Hits","1","7","337546","spotify:user:1163504943","2015-09-23T10:12:35Z"
"spotify:track:01s2UK33zj4qwYc3XTwYsF","I Hope You Die","Bloodhound Gang","Show Us Your Hits","1","14","219693","spotify:user:1163504943","2015-09-23T10:13:23Z"
"spotify:track:3KQnBQQstF1Esin8IhCskm","True Detective: Far from Any Road (Titellied Des Hauptsoundtracks der ersten Staffel)","Alle Musik-Serien, TV-Serien Hits, Fernsehserie","True Detective: Far from Any Road (Titellied Des Hauptsoundtracks der ersten Staffel)","1","1","166000","spotify:user:1163504943","2015-09-23T11:46:02Z"
"spotify:track:7tfEESAh4OB1g6egSd9ia1","Jack Sparrow","The Lonely Island, Michael Bolton","Turtleneck & Chain","1","4","187746","spotify:user:1163504943","2015-10-02T10:14:17Z"
"spotify:track:5pSCzcnZYCP9EywqRLYRs9","I'm On A Boat","The Lonely Island, T-Pain","Incredibad","1","4","156266","spotify:user:1163504943","2015-10-02T10:14:26Z"
"spotify:track:1cK8HZjlPAL70hvp4fyLgY","Shy Ronnie 2: Ronnie & Clyde","The Lonely Island, Rihanna","Turtleneck & Chain","1","9","146506","spotify:user:1163504943","2015-10-02T10:16:04Z"
"spotify:track:2P089mJphVv1eQWkqScTIb","Threw It On The Ground","The Lonely Island","Turtleneck & Chain","1","15","158520","spotify:user:1163504943","2015-10-02T10:16:10Z"
"spotify:track:0xzEDBVP6SmgByZePlbUvT","We Made You","Eminem","Relapse","1","9","269613","spotify:user:1163504943","2015-10-04T07:12:16Z"
"spotify:track:5sTVykpRs4eiZKn96bZogj","The Feel Good Drag","Anberlin","Never Take Friendship Personal","1","8","206657","spotify:user:1163504943","2015-10-08T05:40:49Z"
"spotify:track:7b9wJEumDhN1FTvVLbnuDO","Fledermausland","Trailerpark","Crackstreet Boys II X Version","1","1","258573","spotify:user:1163504943","2015-10-10T09:36:01Z"
"spotify:track:5U8hKxSaDXB8cVeLFQjvwx","The Monster","Eminem, Rihanna","The Marshall Mathers LP2 (Deluxe)","1","12","250188","spotify:user:1163504943","2015-10-17T08:45:40Z"
"spotify:track:4QVOTT9CM2ftSLwnYGNDjd","Stan","Eminem, Dido","Curtain Call (Deluxe)","1","5","404426","spotify:user:1163504943","2015-10-17T08:46:42Z"
"spotify:track:3sfEukxkIqnNJeGh5CnxT5","Ass Like That","Eminem","Ass Like That (International Version)","1","1","265466","spotify:user:1163504943","2015-10-17T08:48:26Z"
"spotify:track:3USOTQdPtZlgVurwaqsdI5","Fuck Her Gently","Tenacious D","Tenacious D","1","6","123666","spotify:user:1163504943","2015-10-24T15:20:18Z"
"spotify:track:478d70Vg2ljAG28eeDp2w5","Rize of the Fenix","Tenacious D","Rize Of The Fenix","1","1","353600","spotify:user:1163504943","2015-10-24T15:20:21Z"
"spotify:track:6ZdNlJkkkSu7CQBwqqb1F0","Classico","Tenacious D","The Pick Of Destiny","1","2","58506","spotify:user:1163504943","2015-10-24T15:20:35Z"
"spotify:track:58LDBCFIHWmFnRGJQPTXvb","Kickapoo","Tenacious D","The Pick Of Destiny","1","1","254346","spotify:user:1163504943","2015-10-24T15:20:37Z"
"spotify:track:6crBy2sODw2HS53xquM6us","Tribute","Tenacious D","Tenacious D","1","3","248053","spotify:user:1163504943","2015-10-24T15:30:30Z"
"spotify:track:59WN2psjkt1tyaxjspN8fp","Killing In The Name - Remastered","Rage Against The Machine","Rage Against The Machine - XX (20th Anniversary Special Edition)","1","2","313573","spotify:user:1163504943","2015-12-02T13:04:40Z"
"spotify:track:77SEoDInsygNQIMoGasdRZ","Super Sudden","Sudden","Superkräfte","1","2","205758","spotify:user:1163504943","2015-12-02T21:03:36Z"
"spotify:track:2NeHnSFnwNp1Z5WYgcjJ8L","X Gon' Give It To Ya","DMX","The Best Of DMX","1","8","219253","spotify:user:1163504943","2016-01-10T13:26:24Z"
"spotify:track:1vcxF91pWs9uNwDROuiCPB","Savior","Rise Against","Appeal To Reason","1","11","242280","spotify:user:1163504943","2016-01-20T13:13:52Z"
"spotify:track:2GTBnTnkvaNhVg7ADGnVzN","Prayer Of The Refugee","Rise Against","The Sufferer & The Witness","1","6","199386","spotify:user:1163504943","2016-01-20T13:14:31Z"
"spotify:track:00hVU6kDP67JHurfwG2dtq","Hero Of War","Rise Against","Appeal To Reason","1","10","253080","spotify:user:1163504943","2016-01-20T13:14:35Z"
"spotify:track:1UMfD9AXeunpbd2TKEtuY9","Satellite","Rise Against","Endgame","1","5","238573","spotify:user:1163504943","2016-01-20T13:14:39Z"
"spotify:track:5sHoO0M6z534SYGC6DfvbJ","Indian Moon - Bonus Track","State Radio","Us Against the Crown (Bonus Track Version)","1","14","284333","spotify:user:1163504943","2016-08-01T15:41:43Z"
"spotify:track:0vvpFlBvUOIx3o7NT3G0q1","Gold On The Ceiling","The Black Keys","Gold On The Ceiling","1","1","224333","spotify:user:1163504943","2016-09-22T07:26:58Z"
"spotify:track:3dOAXUx7I1qnzWzxdnsyB8","Lonely Boy","The Black Keys","Lonely Boy","1","1","193653","spotify:user:1163504943","2016-09-22T07:27:02Z"
"spotify:track:3cwDSDzTiWr5H5xMQhQ6Mx","Du hast","Rammstein","Sehnsucht","1","5","234226","spotify:user:1163504943","2016-11-18T09:44:30Z"
"spotify:track:5siM4eG36axvG3alLNnsAx","Sonne","Rammstein","Mutter","1","3","272440","spotify:user:1163504943","2016-11-18T09:44:32Z"
"spotify:track:634JArk1AoXtts5DVdd4p2","Feuer Frei","Rammstein","Mutter","1","5","188600","spotify:user:1163504943","2016-11-18T09:44:33Z"
"spotify:track:0HpMvhmhBnRBJ9iocNl16t","AMERIKA","Rammstein","Reise, Reise","1","6","226760","spotify:user:1163504943","2016-11-18T09:44:35Z"
"spotify:track:4L58FgCh0T0WNG0UIqxK4E","Engel","Rammstein","Sehnsucht","1","2","264266","spotify:user:1163504943","2016-11-18T09:44:38Z"
"spotify:track:7lI4CE7mlyYyrPTMHzLF1x","Mein Herz Brennt","Rammstein","Mutter","1","1","279893","spotify:user:1163504943","2016-11-18T09:44:41Z"
"spotify:track:14NwRQ6fnnoSfjeaHRZqz1","Ich Will","Rammstein","Mutter","1","4","217106","spotify:user:1163504943","2016-11-18T09:44:44Z"
"spotify:track:4Hp6GJYHQxhb3OyFicO79j","MEIN TEIL","Rammstein","Reise, Reise","1","2","272413","spotify:user:1163504943","2016-11-18T09:44:47Z"
"spotify:track:5UMob1ZBQs0O3yKVzxmXy3","ROSENROT","Rammstein","ROSENROT","1","3","234706","spotify:user:1163504943","2016-11-18T09:44:57Z"
"spotify:track:0HFKRJ86CSYRGkbALc6Aen","OHNE DICH","Rammstein","Reise, Reise","1","10","271173","spotify:user:1163504943","2016-11-18T09:45:12Z"
"spotify:track:3nhJpxZXEQTsZwrDUihXQf","Drunken Lullabies","Flogging Molly","Drunken Lullabies","1","1","230640","spotify:user:1163504943","2016-12-02T10:49:47Z"
"spotify:track:4S5RQJ9UmpkS61bSmMPjEi","If I Ever Leave This World Alive","Flogging Molly","Drunken Lullabies","1","4","201533","spotify:user:1163504943","2016-12-02T10:49:49Z"
"spotify:track:2DPrCpQlpwWGJSPJJtLTyY","Devil's Dance Floor","Flogging Molly","Swagger","1","10","239653","spotify:user:1163504943","2016-12-02T10:49:51Z"
"spotify:track:2NFyWtBM9pTPszMMmxjVOl","What’s Left of the Flag","Flogging Molly","Drunken Lullabies","1","2","218960","spotify:user:1163504943","2016-12-02T10:49:52Z"
